Identyfikator,Nazwisko i Imię,Mail służbowy,Data urodzenia,Data rozpoczęcia pracy,Rodzaj umowy,Poziom,Pion,Departament,Team,Rola,Przełożony ID,Wymiar etatu,Obowiązuje od,Obowiązuje do,Powód rozstania
P_100,Zrivii Geralt,geralt.zrivii@pixelaistudio.pl,1985-05-12,2020-01-01,UoP,Zarząd,Game,Administracja i HR,Backoffice,CEO,P_100,1.0,2026-03-01,9999-12-31,
P_101,Croft Lara,lara.croft@pixelaistudio.pl,1992-02-14,2021-06-15,UoP,Zarząd,HR,Administracja i HR,Backoffice,Dyrektor HR,P_100,1.0,2026-03-01,9999-12-31,
P_102,De Santa Michael,michael.desanta@pixelaistudio.pl,1978-11-20,2022-03-01,UoP,Zarząd,F&M,Administracja i HR,Backoffice,CFO,P_100,1.0,2026-03-01,9999-12-31,
P_103,Kowalczyk Magdalena,magdalena.kowalczyk@pixelaistudio.pl,1984-01-02,2022-06-13,UoP,Kierownik Zespołu,Game,Gamedev,Silnik Główny,Kierownik - Silnik Główny,P_100,1.0,2026-03-01,9999-12-31,
P_104,Kowalczyk Magdalena,magdalena.kowalczyk2@pixelaistudio.pl,1986-01-02,2022-06-16,UoP,Kierownik Zespołu,Game,Gamedev,Grafika 3D,Kierownik - Grafika 3D,P_100,1.0,2026-03-01,9999-12-31,
P_106,Nowak Paweł,pawel.nowak@pixelaistudio.pl,1982-01-02,2022-03-16,UoP,Kierownik Zespołu,Game,Quality Assurance,Automatyzacja QA,Kierownik - Automatyzacja QA,P_100,1.0,2026-03-01,9999-12-31,
P_107,Kamińska Karolina,karolina.kaminska@pixelaistudio.pl,1982-01-02,2022-01-14,UoP,Kierownik Zespołu,Game,Quality Assurance,Testy Manualne,Kierownik - Testy Manualne,P_100,1.0,2026-03-01,9999-12-31,
P_108,Kozłowska Karolina,karolina.kozlowska@pixelaistudio.pl,1980-01-02,2022-03-20,UoP,Kierownik Zespołu,F&M,Marketing i PR,Wzrost i Promocja,Kierownik - Wzrost i Promocja,P_102,1.0,2026-03-01,9999-12-31,
P_109,Kozłowska Katarzyna,katarzyna.kozlowska@pixelaistudio.pl,1990-01-02,2022-07-31,UoP,Kierownik Zespołu,F&M,Marketing i PR,Zarządzanie Społecznością,Kierownik - Zarządzanie Społecznością,P_102,1.0,2026-03-01,9999-12-31,
P_110,Kowalczyk Krzysztof,krzysztof.kowalczyk@pixelaistudio.pl,1987-01-02,2021-11-21,UoP,Kierownik Zespołu,F&M,Finanse i Controlling,Controlling,Kierownik - Controlling,P_102,1.0,2026-03-01,9999-12-31,
P_111,Nowak Krystyna,krystyna.nowak@pixelaistudio.pl,1985-01-01,2021-09-01,UoP,Kierownik Zespołu,F&M,Finanse i Controlling,Księgowość,Kierownik - Księgowość,P_102,1.0,2026-03-01,9999-12-31,
P_112,Woźniak Piotr,piotr.wozniak@pixelaistudio.pl,1984-01-02,2022-01-02,UoP,Kierownik Zespołu,HR,Administracja i HR,Wsparcie IT,Kierownik - Wsparcie IT,P_101,1.0,2026-03-01,9999-12-31,
P_113,Kozłowska Małgorzata,malgorzata.kozlowska@pixelaistudio.pl,1982-01-02,2021-09-22,UoP,Kierownik Zespołu,HR,Administracja i HR,Backoffice,Kierownik - Backoffice,P_101,1.0,2026-03-01,9999-12-31,
P_114,Wiśniewska Magdalena,magdalena.wisniewska@pixelaistudio.pl,1998-01-02,2023-11-11,B2B,Specjalista,Game,Gamedev,Grafika 3D,Projektant Gier,P_104,0.75,2026-03-01,9999-12-31,
P_115,Nowak Kuba,kuba.nowak@pixelaistudio.pl,2000-01-02,2023-04-25,UoP,Specjalista,Game,Quality Assurance,Testy Manualne,Młodszy Tester QA,P_107,0.75,2026-03-01,9999-12-31,
P_116,Kowalczyk Magdalena,magdalena.kowalczyk3@pixelaistudio.pl,1991-01-02,2023-09-21,B2B,Specjalista,HR,Administracja i HR,Backoffice,Specjalista IT Support,P_113,0.5,2026-03-01,9999-12-31,
P_117,Szymańska Krystyna,krystyna.szymanska@pixelaistudio.pl,1996-01-02,2023-08-24,UoP,Specjalista,Game,Gamedev,Projektowanie i Poziomy,Młodszy Programista,P_105,1.0,2026-03-01,9999-12-31,
P_118,Lewandowski Mateusz,mateusz.lewandowski@pixelaistudio.pl,1996-01-02,2023-04-26,UoP,Specjalista,Game,Quality Assurance,Automatyzacja QA,Starszy Tester QA,P_106,1.0,2026-03-01,9999-12-31,
P_119,Zielińska Krystyna,krystyna.zielinska@pixelaistudio.pl,2001-01-01,2023-04-13,UoP,Specjalista,HR,Administracja i HR,Wsparcie IT,Specjalista ds. HR,P_112,0.5,2026-03-01,9999-12-31,
P_120,Kowalski Krzysztof,krzysztof.kowalski@pixelaistudio.pl,1990-01-02,2023-03-03,UoP,Specjalista,HR,Administracja i HR,Backoffice,Specjalista IT Support,P_113,1.0,2026-03-01,9999-12-31,
P_121,Woźniak Mateusz,mateusz.wozniak@pixelaistudio.pl,1997-01-01,2023-09-11,UoP,Specjalista,F&M,Finanse i Controlling,Controlling,Księgowy,P_110,0.5,2026-03-01,9999-12-31,
P_122,Lewandowski Tomasz,tomasz.lewandowski@pixelaistudio.pl,2000-01-02,2023-10-15,UoP,Specjalista,HR,Administracja i HR,Wsparcie IT,Specjalista IT Support,P_112,1.0,2026-03-01,9999-12-31,
P_123,Nowak Dariusz,dariusz.nowak@pixelaistudio.pl,1992-01-02,2023-07-02,B2B,Specjalista,Game,Quality Assurance,Automatyzacja QA,Młodszy Tester QA,P_106,1.0,2026-03-01,9999-12-31,
P_124,Kozłowska Krystyna,krystyna.kozlowska@pixelaistudio.pl,2003-01-02,2023-04-02,B2B,Specjalista,Game,Gamedev,Projektowanie i Poziomy,Starszy Programista,P_105,1.0,2026-03-01,9999-12-31,
P_125,Wiśniewski Jakub,jakub.wisniewski@pixelaistudio.pl,2003-01-02,2023-06-01,B2B,Specjalista,F&M,Marketing i PR,Wzrost i Promocja,Specjalista ds. PR,P_108,0.75,2026-03-01,9999-12-31,
P_126,Zielińska Barbara,barbara.zielinska@pixelaistudio.pl,1992-01-02,2023-09-22,B2B,Specjalista,Game,Gamedev,Silnik Główny,Starszy Programista,P_103,1.0,2026-03-01,9999-12-31,
P_127,Kowalski Tomasz,tomasz.kowalski@pixelaistudio.pl,2002-01-02,2023-11-11,UoP,Specjalista,Game,Gamedev,Projektowanie i Poziomy,Programista,P_105,0.5,2026-03-01,2026-03-12,Brak płatnych nadgodzin i ciągły nacisk na dowożenie nierealnych terminów zmusiły mnie do złożenia wypowiedzenia.
P_128,Wiśniewska Anna,anna.wisniewska@pixelaistudio.pl,1998-01-02,2025-08-15,B2B,Specjalista,Game,Quality Assurance,Automatyzacja QA,Tester QA,P_106,0.75,2026-03-01,9999-12-31,
P_129,Dąbrowska Magdalena,magdalena.dabrowska@pixelaistudio.pl,1999-01-02,2023-02-06,UoP,Specjalista,Game,Gamedev,Projektowanie i Poziomy,Starszy Programista,P_105,1.0,2026-03-01,9999-12-31,
P_130,Szymański Jan,jan.szymanski@pixelaistudio.pl,2001-01-01,2022-11-29,UoP,Specjalista,F&M,Finanse i Controlling,Controlling,Kontroler Finansowy,P_110,1.0,2026-03-01,9999-12-31,
P_131,Wiśniewska Karolina,karolina.wisniewska@pixelaistudio.pl,1995-01-02,2023-04-28,UoP,Specjalista,F&M,Marketing i PR,Zarządzanie Społecznością,Specjalista ds. PR,P_109,1.0,2026-03-01,9999-12-31,
P_132,Kozłowski Łukasz,lukasz.kozlowski@pixelaistudio.pl,1994-01-02,2023-06-15,B2B,Specjalista,Game,Gamedev,Silnik Główny,Starszy Programista,P_103,0.75,2026-03-01,9999-12-31,
P_133,Wójcik Joanna,joanna.wojcik@pixelaistudio.pl,1992-01-02,2023-01-13,UoP,Specjalista,F&M,Finanse i Controlling,Controlling,Kontroler Finansowy,P_110,1.0,2026-03-01,9999-12-31,
P_134,Wiśniewska Joanna,joanna.wisniewska@pixelaistudio.pl,2003-01-02,2023-07-05,UoP,Specjalista,F&M,Marketing i PR,Zarządzanie Społecznością,Specjalista ds. PR,P_109,1.0,2026-03-01,9999-12-31,
P_135,Kamiński Andrzej,andrzej.kaminski@pixelaistudio.pl,2001-01-01,2023-07-24,UoP,Specjalista,F&M,Finanse i Controlling,Księgowość,Księgowy,P_111,1.0,2026-03-01,9999-12-31,
P_137,Zieliński Andrzej,andrzej.zielinski@pixelaistudio.pl,1988-01-02,2023-10-11,B2B,Specjalista,F&M,Marketing i PR,Wzrost i Promocja,Specjalista ds. PR,P_108,1.0,2026-03-01,9999-12-31,
P_138,Kamiński Paweł,pawel.kaminski@pixelaistudio.pl,2002-01-02,2023-02-22,UoP,Specjalista,HR,Administracja i HR,Wsparcie IT,Specjalista ds. HR,P_112,1.0,2026-03-01,9999-12-31,
P_139,Kowalczyk Jan,jan.kowalczyk@pixelaistudio.pl,2001-01-01,2023-11-09,UoP,Specjalista,F&M,Finanse i Controlling,Controlling,Księgowy,P_110,1.0,2026-03-01,9999-12-31,
P_140,Kamiński Tomasz,tomasz.kaminski@pixelaistudio.pl,1987-01-02,2023-10-07,UoP,Specjalista,F&M,Marketing i PR,Zarządzanie Społecznością,Specjalista ds. Growth,P_109,1.0,2026-03-01,9999-12-31,
P_142,Nowak Michał,michal.nowak@pixelaistudio.pl,1996-01-02,2023-02-13,UoP,Specjalista,Game,Quality Assurance,Automatyzacja QA,Starszy Tester QA,P_106,1.0,2026-03-01,9999-12-31,
P_143,Woźniak Marcin,marcin.wozniak@pixelaistudio.pl,1997-01-01,2023-10-31,UoP,Specjalista,Game,Quality Assurance,Automatyzacja QA,Młodszy Tester QA,P_106,0.5,2026-03-01,9999-12-31,
P_144,Kozłowska Magdalena,magdalena.kozlowska@pixelaistudio.pl,2002-01-02,2023-08-13,B2B,Specjalista,F&M,Marketing i PR,Wzrost i Promocja,Specjalista ds. Growth,P_108,1.0,2026-03-01,9999-12-31,
P_145,Woźniak Paweł,pawel.wozniak@pixelaistudio.pl,1994-01-02,2023-05-17,UoP,Specjalista,Game,Quality Assurance,Testy Manualne,Tester QA,P_107,1.0,2026-03-01,9999-12-31,
P_146,Zielińska Anna,anna.zielinska@pixelaistudio.pl,1999-01-02,2023-07-28,UoP,Specjalista,HR,Administracja i HR,Backoffice,Specjalista ds. HR,P_113,0.5,2026-03-01,9999-12-31,
P_147,Lewandowska Katarzyna,katarzyna.lewandowska@pixelaistudio.pl,1994-01-02,2023-07-12,UoP,Specjalista,F&M,Finanse i Controlling,Księgowość,Analityk Finansowy,P_111,1.0,2026-03-01,9999-12-31,
P_148,Kozłowska Katarzyna,katarzyna.kozlowska2@pixelaistudio.pl,1995-01-02,2023-03-29,UoP,Specjalista,Game,Quality Assurance,Automatyzacja QA,Młodszy Tester QA,P_106,1.0,2026-03-01,9999-12-31,
P_149,Nowak Anna,anna.nowak@pixelaistudio.pl,1997-01-01,2023-02-14,UoP,Specjalista,Game,Gamedev,Silnik Główny,Programista,P_103,0.5,2026-03-01,9999-12-31,
P_150,Wiśniewski Marcin,marcin.wisniewski@pixelaistudio.pl,1990-01-02,2023-08-19,B2B,Specjalista,F&M,Finanse i Controlling,Księgowość,Księgowy,P_111,1.0,2026-03-01,9999-12-31,
P_151,Kowalczyk Małgorzata,malgorzata.kowalczyk@pixelaistudio.pl,1997-01-01,2022-12-07,UoP,Specjalista,F&M,Finanse i Controlling,Księgowość,Kontroler Finansowy,P_111,0.5,2026-03-01,9999-12-31,
P_152,Kamińska Karolina,karolina.kaminska2@pixelaistudio.pl,1994-01-02,2023-05-17,UoP,Specjalista,HR,Administracja i HR,Backoffice,Specjalista ds. HR,P_113,1.0,2026-03-01,9999-12-31,
P_153,Kowalczyk Michał,michal.kowalczyk@pixelaistudio.pl,1988-01-02,2023-02-06,UoP,Specjalista,HR,Administracja i HR,Backoffice,Specjalista ds. HR,P_113,1.0,2026-03-01,9999-12-31,
P_154,Wójcik Łukasz,lukasz.wojcik@pixelaistudio.pl,2003-01-02,2023-10-11,UoP,Specjalista,F&M,Finanse i Controlling,Księgowość,Księgowy,P_111,1.0,2026-03-01,9999-12-31,
P_155,Kowalski Krzysztof,krzysztof.kowalski2@pixelaistudio.pl,1991-01-02,2023-09-30,B2B,Specjalista,Game,Gamedev,Grafika 3D,Młodszy Programista,P_104,1.0,2026-03-01,9999-12-31,
P_156,Wiśniewska Maria,maria.wisniewska@pixelaistudio.pl,1994-01-02,2023-08-12,B2B,Specjalista,Game,Gamedev,Grafika 3D,Projektant Gier,P_104,1.0,2026-03-01,9999-12-31,
P_157,Wójcik Krystyna,krystyna.wojcik@pixelaistudio.pl,2000-01-02,2023-08-30,UoP,Specjalista,Game,Quality Assurance,Automatyzacja QA,Młodszy Tester QA,P_106,0.5,2026-03-01,9999-12-31,
P_158,Kowalczyk Karolina,karolina.kowalczyk@pixelaistudio.pl,1988-01-02,2023-08-06,B2B,Specjalista,Game,Gamedev,Projektowanie i Poziomy,Programista,P_105,1.0,2026-03-01,9999-12-31,
P_159,Lewandowski Michał,michal.lewandowski@pixelaistudio.pl,1991-01-02,2023-05-14,UoP,Specjalista,HR,Administracja i HR,Backoffice,Specjalista IT Support,P_113,1.0,2026-03-01,2026-03-12,Odchodzę wyłącznie z powodów osobistych – przeprowadzam się z rodziną do innego miasta.
P_160,Kowalska Anna,anna.kowalska@pixelaistudio.pl,1993-01-01,2025-04-13,B2B,Specjalista,F&M,Finanse i Controlling,Księgowość,Analityk Finansowy,P_111,1.0,2026-03-01,9999-12-31,
P_161,Wiśniewska Joanna,joanna.wisniewska2@pixelaistudio.pl,2000-01-02,2025-04-14,UoP,Specjalista,F&M,Finanse i Controlling,Controlling,Księgowy,P_110,1.0,2026-03-01,9999-12-31,
P_162,Kowalczyk Tomasz,tomasz.kowalczyk@pixelaistudio.pl,1999-01-02,2025-04-11,UoP,Specjalista,F&M,Marketing i PR,Zarządzanie Społecznością,Specjalista ds. Growth,P_109,1.0,2026-03-01,9999-12-31,
P_163,Lewandowski Jakub,jakub.lewandowski@pixelaistudio.pl,1994-01-02,2025-04-07,UoP,Specjalista,HR,Administracja i HR,Wsparcie IT,Specjalista ds. HR,P_112,1.0,2026-03-01,9999-12-31,
P_164,Dąbrowski Łukasz,lukasz.dabrowski@pixelaistudio.pl,1992-01-02,2025-04-10,UoP,Specjalista,Game,Quality Assurance,Automatyzacja QA,Tester QA,P_106,1.0,2026-03-01,9999-12-31,
P_165,Woźniak Michał,michal.wozniak@pixelaistudio.pl,1999-01-02,2025-04-02,UoP,Specjalista,Game,Gamedev,Grafika 3D,Młodszy Programista,P_104,1.0,2026-03-01,9999-12-31,
P_167,Kozłowska Katarzyna,katarzyna.kozlowska3@pixelaistudio.pl,2001-01-01,2025-03-07,B2B,Specjalista,F&M,Marketing i PR,Zarządzanie Społecznością,Specjalista ds. PR,P_109,1.0,2026-03-01,9999-12-31,
P_168,Wójcik Karolina,karolina.wojcik@pixelaistudio.pl,1997-01-01,2025-03-09,UoP,Specjalista,F&M,Finanse i Controlling,Księgowość,Analityk Finansowy,P_111,1.0,2026-03-01,9999-12-31,
P_169,Kozłowski Jakub,jakub.kozlowski@pixelaistudio.pl,1999-01-02,2025-03-06,UoP,Specjalista,Game,Gamedev,Silnik Główny,Projektant Gier,P_103,1.0,2026-03-01,9999-12-31,
P_171,Kowalska Joanna,joanna.kowalska@pixelaistudio.pl,1997-01-01,2025-04-03,B2B,Specjalista,Game,Gamedev,Silnik Główny,Starszy Programista,P_103,1.0,2026-03-01,9999-12-31,
